insertId,jsonPayload.levelname,jsonPayload.message,"labels.""compute.googleapis.com/resource_id""","labels.""compute.googleapis.com/resource_name""","labels.""compute.googleapis.com/zone""","labels.""ml.googleapis.com/endpoint""","labels.""ml.googleapis.com/job_id/log_area""","labels.""ml.googleapis.com/job_state""","labels.""ml.googleapis.com/tpu_worker_id""","labels.""ml.googleapis.com/trial_id""","labels.""ml.googleapis.com/trial_type""",logName,receiveLocation,receiveTimestamp,resource.labels.job_id,resource.labels.project_id,resource.labels.task_name,resource.type,severity,textPayload,timestamp
1w9cpold2kco,,,,,,,,FAILED,,,,projects/qwiklabs-gcp-03-0f91e49b4fd6/logs/ml.googleapis.com%2F7361657851825094656,,2023-10-22T17:23:48.541103263Z,7361657851825094656,qwiklabs-gcp-03-0f91e49b4fd6,service,ml_job,INFO,Job failed.,2023-10-22T17:23:47.416738833Z
1w9cpold2kcm,,,,,,,,,,,,projects/qwiklabs-gcp-03-0f91e49b4fd6/logs/ml.googleapis.com%2F7361657851825094656,,2023-10-22T17:23:48.541103263Z,7361657851825094656,qwiklabs-gcp-03-0f91e49b4fd6,service,ml_job,INFO,Finished tearing down training program.,2023-10-22T17:23:47.199431535Z
1w9cpold2k8o,,,,,,,,,,,,projects/qwiklabs-gcp-03-0f91e49b4fd6/logs/ml.googleapis.com%2F7361657851825094656,,2023-10-22T17:23:00.532829104Z,7361657851825094656,qwiklabs-gcp-03-0f91e49b4fd6,service,ml_job,ERROR,The replica workerpool0-0 exited with a non-zero status of 1. Termination reason: Error. To find out more about why your job exited please check the logs: https://console.cloud.google.com/logs/viewer?project=780638309579&resource=ml_job%2Fjob_id%2F7361657851825094656&advancedFilter=resource.type%3D%22ml_job%22%0Aresource.labels.job_id%3D%227361657851825094656%22,2023-10-22T17:22:58.809180577Z
11qzfhlf9whwhc,ERROR,google.api_core.exceptions.ServiceUnavailable: 503 The service is currently unavailable.,5938196076922728443,gke-cml-1022-164151--e2-standard-4-43-6e745f34-0n8p,us-central1-b,,root,,,,,projects/qwiklabs-gcp-03-0f91e49b4fd6/logs/workerpool0-0,,2023-10-22T17:22:36.187374552Z,7361657851825094656,qwiklabs-gcp-03-0f91e49b4fd6,workerpool0-0,ml_job,ERROR,,2023-10-22T17:22:32.798752125Z
11qzfhlf9whwhb,ERROR,"  File ""<string>"", line 3, in raise_from",5938196076922728443,gke-cml-1022-164151--e2-standard-4-43-6e745f34-0n8p,us-central1-b,,root,,,,,projects/qwiklabs-gcp-03-0f91e49b4fd6/logs/workerpool0-0,,2023-10-22T17:22:36.187374552Z,7361657851825094656,qwiklabs-gcp-03-0f91e49b4fd6,workerpool0-0,ml_job,ERROR,,2023-10-22T17:22:32.798548049Z
11qzfhlf9whwha,ERROR,"    six.raise_from(exceptions.from_grpc_error(exc), exc)",5938196076922728443,gke-cml-1022-164151--e2-standard-4-43-6e745f34-0n8p,us-central1-b,,root,,,,,projects/qwiklabs-gcp-03-0f91e49b4fd6/logs/workerpool0-0,,2023-10-22T17:22:36.187374552Z,7361657851825094656,qwiklabs-gcp-03-0f91e49b4fd6,workerpool0-0,ml_job,ERROR,,2023-10-22T17:22:32.798542126Z
11qzfhlf9whwh9,ERROR,"  File ""/opt/python3.7/lib/python3.7/site-packages/google/api_core/grpc_helpers.py"", line 69, in error_remapped_callable",5938196076922728443,gke-cml-1022-164151--e2-standard-4-43-6e745f34-0n8p,us-central1-b,,root,,,,,projects/qwiklabs-gcp-03-0f91e49b4fd6/logs/workerpool0-0,,2023-10-22T17:22:36.187374552Z,7361657851825094656,qwiklabs-gcp-03-0f91e49b4fd6,workerpool0-0,ml_job,ERROR,,2023-10-22T17:22:32.798535457Z
11qzfhlf9whwh8,ERROR,"    return wrapped_func(*args, **kwargs)",5938196076922728443,gke-cml-1022-164151--e2-standard-4-43-6e745f34-0n8p,us-central1-b,,root,,,,,projects/qwiklabs-gcp-03-0f91e49b4fd6/logs/workerpool0-0,,2023-10-22T17:22:36.187374552Z,7361657851825094656,qwiklabs-gcp-03-0f91e49b4fd6,workerpool0-0,ml_job,ERROR,,2023-10-22T17:22:32.798521103Z
11qzfhlf9whwh7,ERROR,"  File ""/opt/python3.7/lib/python3.7/site-packages/google/api_core/gapic_v1/method.py"", line 145, in __call__",5938196076922728443,gke-cml-1022-164151--e2-standard-4-43-6e745f34-0n8p,us-central1-b,,root,,,,,projects/qwiklabs-gcp-03-0f91e49b4fd6/logs/workerpool0-0,,2023-10-22T17:22:36.187374552Z,7361657851825094656,qwiklabs-gcp-03-0f91e49b4fd6,workerpool0-0,ml_job,ERROR,,2023-10-22T17:22:32.798240812Z
11qzfhlf9whwh6,ERROR,"    response = rpc(request, retry=retry, timeout=timeout, metadata=metadata,)",5938196076922728443,gke-cml-1022-164151--e2-standard-4-43-6e745f34-0n8p,us-central1-b,,root,,,,,projects/qwiklabs-gcp-03-0f91e49b4fd6/logs/workerpool0-0,,2023-10-22T17:22:36.187374552Z,7361657851825094656,qwiklabs-gcp-03-0f91e49b4fd6,workerpool0-0,ml_job,ERROR,,2023-10-22T17:22:32.798224450Z
11qzfhlf9whwh5,ERROR,"  File ""/opt/python3.7/lib/python3.7/site-packages/google/cloud/aiplatform_v1/services/pipeline_service/client.py"", line 548, in get_training_pipeline",5938196076922728443,gke-cml-1022-164151--e2-standard-4-43-6e745f34-0n8p,us-central1-b,,root,,,,,projects/qwiklabs-gcp-03-0f91e49b4fd6/logs/workerpool0-0,,2023-10-22T17:22:36.187374552Z,7361657851825094656,qwiklabs-gcp-03-0f91e49b4fd6,workerpool0-0,ml_job,ERROR,,2023-10-22T17:22:32.797925821Z
11qzfhlf9whwh4,ERROR,"    name=self.resource_name",5938196076922728443,gke-cml-1022-164151--e2-standard-4-43-6e745f34-0n8p,us-central1-b,,root,,,,,projects/qwiklabs-gcp-03-0f91e49b4fd6/logs/workerpool0-0,,2023-10-22T17:22:36.187374552Z,7361657851825094656,qwiklabs-gcp-03-0f91e49b4fd6,workerpool0-0,ml_job,ERROR,,2023-10-22T17:22:32.797912206Z
11qzfhlf9whwh3,ERROR,"  File ""/opt/python3.7/lib/python3.7/site-packages/google/cloud/aiplatform/training_jobs.py"", line 685, in _sync_gca_resource",5938196076922728443,gke-cml-1022-164151--e2-standard-4-43-6e745f34-0n8p,us-central1-b,,root,,,,,projects/qwiklabs-gcp-03-0f91e49b4fd6/logs/workerpool0-0,,2023-10-22T17:22:36.187374552Z,7361657851825094656,qwiklabs-gcp-03-0f91e49b4fd6,workerpool0-0,ml_job,ERROR,,2023-10-22T17:22:32.797748441Z
11qzfhlf9whwh2,ERROR,"    self._sync_gca_resource()",5938196076922728443,gke-cml-1022-164151--e2-standard-4-43-6e745f34-0n8p,us-central1-b,,root,,,,,projects/qwiklabs-gcp-03-0f91e49b4fd6/logs/workerpool0-0,,2023-10-22T17:22:36.187374552Z,7361657851825094656,qwiklabs-gcp-03-0f91e49b4fd6,workerpool0-0,ml_job,ERROR,,2023-10-22T17:22:32.797735609Z
11qzfhlf9whwh1,ERROR,"  File ""/opt/python3.7/lib/python3.7/site-packages/google/cloud/aiplatform/training_jobs.py"", line 545, in state",5938196076922728443,gke-cml-1022-164151--e2-standard-4-43-6e745f34-0n8p,us-central1-b,,root,,,,,projects/qwiklabs-gcp-03-0f91e49b4fd6/logs/workerpool0-0,,2023-10-22T17:22:36.187374552Z,7361657851825094656,qwiklabs-gcp-03-0f91e49b4fd6,workerpool0-0,ml_job,ERROR,,2023-10-22T17:22:32.797561621Z
11qzfhlf9whwh0,ERROR,"    while self.state not in _PIPELINE_COMPLETE_STATES:",5938196076922728443,gke-cml-1022-164151--e2-standard-4-43-6e745f34-0n8p,us-central1-b,,root,,,,,projects/qwiklabs-gcp-03-0f91e49b4fd6/logs/workerpool0-0,,2023-10-22T17:22:36.187374552Z,7361657851825094656,qwiklabs-gcp-03-0f91e49b4fd6,workerpool0-0,ml_job,ERROR,,2023-10-22T17:22:32.797549629Z
11qzfhlf9whwgz,ERROR,"  File ""/opt/python3.7/lib/python3.7/site-packages/google/cloud/aiplatform/training_jobs.py"", line 632, in _block_until_complete",5938196076922728443,gke-cml-1022-164151--e2-standard-4-43-6e745f34-0n8p,us-central1-b,,root,,,,,projects/qwiklabs-gcp-03-0f91e49b4fd6/logs/workerpool0-0,,2023-10-22T17:22:36.187374552Z,7361657851825094656,qwiklabs-gcp-03-0f91e49b4fd6,workerpool0-0,ml_job,ERROR,,2023-10-22T17:22:32.797386495Z
11qzfhlf9whwgy,ERROR,"    self._block_until_complete()",5938196076922728443,gke-cml-1022-164151--e2-standard-4-43-6e745f34-0n8p,us-central1-b,,root,,,,,projects/qwiklabs-gcp-03-0f91e49b4fd6/logs/workerpool0-0,,2023-10-22T17:22:36.187374552Z,7361657851825094656,qwiklabs-gcp-03-0f91e49b4fd6,workerpool0-0,ml_job,ERROR,,2023-10-22T17:22:32.797375126Z
11qzfhlf9whwgx,ERROR,"  File ""/opt/python3.7/lib/python3.7/site-packages/google/cloud/aiplatform/training_jobs.py"", line 603, in _get_model",5938196076922728443,gke-cml-1022-164151--e2-standard-4-43-6e745f34-0n8p,us-central1-b,,root,,,,,projects/qwiklabs-gcp-03-0f91e49b4fd6/logs/workerpool0-0,,2023-10-22T17:22:36.187374552Z,7361657851825094656,qwiklabs-gcp-03-0f91e49b4fd6,workerpool0-0,ml_job,ERROR,,2023-10-22T17:22:32.797216447Z
11qzfhlf9whwgw,ERROR,"    model = self._get_model()",5938196076922728443,gke-cml-1022-164151--e2-standard-4-43-6e745f34-0n8p,us-central1-b,,root,,,,,projects/qwiklabs-gcp-03-0f91e49b4fd6/logs/workerpool0-0,,2023-10-22T17:22:36.187374552Z,7361657851825094656,qwiklabs-gcp-03-0f91e49b4fd6,workerpool0-0,ml_job,ERROR,,2023-10-22T17:22:32.797200492Z
11qzfhlf9whwgv,ERROR,"  File ""/opt/python3.7/lib/python3.7/site-packages/google/cloud/aiplatform/training_jobs.py"", line 516, in _run_job",5938196076922728443,gke-cml-1022-164151--e2-standard-4-43-6e745f34-0n8p,us-central1-b,,root,,,,,projects/qwiklabs-gcp-03-0f91e49b4fd6/logs/workerpool0-0,,2023-10-22T17:22:36.187374552Z,7361657851825094656,qwiklabs-gcp-03-0f91e49b4fd6,workerpool0-0,ml_job,ERROR,,2023-10-22T17:22:32.797071243Z
11qzfhlf9whwgu,ERROR,"    model=model,",5938196076922728443,gke-cml-1022-164151--e2-standard-4-43-6e745f34-0n8p,us-central1-b,,root,,,,,projects/qwiklabs-gcp-03-0f91e49b4fd6/logs/workerpool0-0,,2023-10-22T17:22:36.187374552Z,7361657851825094656,qwiklabs-gcp-03-0f91e49b4fd6,workerpool0-0,ml_job,ERROR,,2023-10-22T17:22:32.797050070Z
11qzfhlf9whwgt,ERROR,"  File ""/opt/python3.7/lib/python3.7/site-packages/google/cloud/aiplatform/training_jobs.py"", line 2683, in _run",5938196076922728443,gke-cml-1022-164151--e2-standard-4-43-6e745f34-0n8p,us-central1-b,,root,,,,,projects/qwiklabs-gcp-03-0f91e49b4fd6/logs/workerpool0-0,,2023-10-22T17:22:36.187374552Z,7361657851825094656,qwiklabs-gcp-03-0f91e49b4fd6,workerpool0-0,ml_job,ERROR,,2023-10-22T17:22:32.796397816Z
11qzfhlf9whwgs,ERROR,"    return method(*args, **kwargs)",5938196076922728443,gke-cml-1022-164151--e2-standard-4-43-6e745f34-0n8p,us-central1-b,,root,,,,,projects/qwiklabs-gcp-03-0f91e49b4fd6/logs/workerpool0-0,,2023-10-22T17:22:36.187374552Z,7361657851825094656,qwiklabs-gcp-03-0f91e49b4fd6,workerpool0-0,ml_job,ERROR,,2023-10-22T17:22:32.796388857Z
11qzfhlf9whwgr,ERROR,"  File ""/opt/python3.7/lib/python3.7/site-packages/google/cloud/aiplatform/base.py"", line 631, in wrapper",5938196076922728443,gke-cml-1022-164151--e2-standard-4-43-6e745f34-0n8p,us-central1-b,,root,,,,,projects/qwiklabs-gcp-03-0f91e49b4fd6/logs/workerpool0-0,,2023-10-22T17:22:36.187374552Z,7361657851825094656,qwiklabs-gcp-03-0f91e49b4fd6,workerpool0-0,ml_job,ERROR,,2023-10-22T17:22:32.796317916Z
11qzfhlf9whwgq,ERROR,"    sync=sync,",5938196076922728443,gke-cml-1022-164151--e2-standard-4-43-6e745f34-0n8p,us-central1-b,,root,,,,,projects/qwiklabs-gcp-03-0f91e49b4fd6/logs/workerpool0-0,,2023-10-22T17:22:36.187374552Z,7361657851825094656,qwiklabs-gcp-03-0f91e49b4fd6,workerpool0-0,ml_job,ERROR,,2023-10-22T17:22:32.796250583Z
11qzfhlf9whwgp,ERROR,"  File ""/opt/python3.7/lib/python3.7/site-packages/google/cloud/aiplatform/training_jobs.py"", line 2534, in run",5938196076922728443,gke-cml-1022-164151--e2-standard-4-43-6e745f34-0n8p,us-central1-b,,root,,,,,projects/qwiklabs-gcp-03-0f91e49b4fd6/logs/workerpool0-0,,2023-10-22T17:22:36.187374552Z,7361657851825094656,qwiklabs-gcp-03-0f91e49b4fd6,workerpool0-0,ml_job,ERROR,,2023-10-22T17:22:32.795556540Z
11qzfhlf9whwgo,ERROR,"    output = method(**serialized_args[METHOD_KEY])",5938196076922728443,gke-cml-1022-164151--e2-standard-4-43-6e745f34-0n8p,us-central1-b,,root,,,,,projects/qwiklabs-gcp-03-0f91e49b4fd6/logs/workerpool0-0,,2023-10-22T17:22:36.187374552Z,7361657851825094656,qwiklabs-gcp-03-0f91e49b4fd6,workerpool0-0,ml_job,ERROR,,2023-10-22T17:22:32.795547612Z
11qzfhlf9whwgn,ERROR,"  File ""/opt/python3.7/lib/python3.7/site-packages/google_cloud_pipeline_components/aiplatform/remote_runner.py"", line 241, in runner",5938196076922728443,gke-cml-1022-164151--e2-standard-4-43-6e745f34-0n8p,us-central1-b,,root,,,,,projects/qwiklabs-gcp-03-0f91e49b4fd6/logs/workerpool0-0,,2023-10-22T17:22:36.187374552Z,7361657851825094656,qwiklabs-gcp-03-0f91e49b4fd6,workerpool0-0,ml_job,ERROR,,2023-10-22T17:22:32.795446744Z
11qzfhlf9whwgm,ERROR,"    print(runner(args.cls_name, args.method_name, executor_input, kwargs))",5938196076922728443,gke-cml-1022-164151--e2-standard-4-43-6e745f34-0n8p,us-central1-b,,root,,,,,projects/qwiklabs-gcp-03-0f91e49b4fd6/logs/workerpool0-0,,2023-10-22T17:22:36.187374552Z,7361657851825094656,qwiklabs-gcp-03-0f91e49b4fd6,workerpool0-0,ml_job,ERROR,,2023-10-22T17:22:32.795437656Z
11qzfhlf9whwgl,ERROR,"  File ""/opt/python3.7/lib/python3.7/site-packages/google_cloud_pipeline_components/aiplatform/remote_runner.py"", line 280, in main",5938196076922728443,gke-cml-1022-164151--e2-standard-4-43-6e745f34-0n8p,us-central1-b,,root,,,,,projects/qwiklabs-gcp-03-0f91e49b4fd6/logs/workerpool0-0,,2023-10-22T17:22:36.187374552Z,7361657851825094656,qwiklabs-gcp-03-0f91e49b4fd6,workerpool0-0,ml_job,ERROR,,2023-10-22T17:22:32.795337944Z
11qzfhlf9whwgk,ERROR,"    main()",5938196076922728443,gke-cml-1022-164151--e2-standard-4-43-6e745f34-0n8p,us-central1-b,,root,,,,,projects/qwiklabs-gcp-03-0f91e49b4fd6/logs/workerpool0-0,,2023-10-22T17:22:36.187374552Z,7361657851825094656,qwiklabs-gcp-03-0f91e49b4fd6,workerpool0-0,ml_job,ERROR,,2023-10-22T17:22:32.795327472Z
11qzfhlf9whwgj,ERROR,"  File ""/opt/python3.7/lib/python3.7/site-packages/google_cloud_pipeline_components/aiplatform/remote_runner.py"", line 284, in <module>",5938196076922728443,gke-cml-1022-164151--e2-standard-4-43-6e745f34-0n8p,us-central1-b,,root,,,,,projects/qwiklabs-gcp-03-0f91e49b4fd6/logs/workerpool0-0,,2023-10-22T17:22:36.187374552Z,7361657851825094656,qwiklabs-gcp-03-0f91e49b4fd6,workerpool0-0,ml_job,ERROR,,2023-10-22T17:22:32.795193697Z
11qzfhlf9whwgi,ERROR,"    exec(code, run_globals)",5938196076922728443,gke-cml-1022-164151--e2-standard-4-43-6e745f34-0n8p,us-central1-b,,root,,,,,projects/qwiklabs-gcp-03-0f91e49b4fd6/logs/workerpool0-0,,2023-10-22T17:22:36.187374552Z,7361657851825094656,qwiklabs-gcp-03-0f91e49b4fd6,workerpool0-0,ml_job,ERROR,,2023-10-22T17:22:32.795185401Z
11qzfhlf9whwgh,ERROR,"  File ""/opt/python3.7/lib/python3.7/runpy.py"", line 85, in _run_code",5938196076922728443,gke-cml-1022-164151--e2-standard-4-43-6e745f34-0n8p,us-central1-b,,root,,,,,projects/qwiklabs-gcp-03-0f91e49b4fd6/logs/workerpool0-0,,2023-10-22T17:22:36.187374552Z,7361657851825094656,qwiklabs-gcp-03-0f91e49b4fd6,workerpool0-0,ml_job,ERROR,,2023-10-22T17:22:32.795120225Z
11qzfhlf9whwgg,ERROR,"    ""__main__"", mod_spec)",5938196076922728443,gke-cml-1022-164151--e2-standard-4-43-6e745f34-0n8p,us-central1-b,,root,,,,,projects/qwiklabs-gcp-03-0f91e49b4fd6/logs/workerpool0-0,,2023-10-22T17:22:36.187374552Z,7361657851825094656,qwiklabs-gcp-03-0f91e49b4fd6,workerpool0-0,ml_job,ERROR,,2023-10-22T17:22:32.795111660Z
11qzfhlf9whwgf,ERROR,"  File ""/opt/python3.7/lib/python3.7/runpy.py"", line 193, in _run_module_as_main",5938196076922728443,gke-cml-1022-164151--e2-standard-4-43-6e745f34-0n8p,us-central1-b,,root,,,,,projects/qwiklabs-gcp-03-0f91e49b4fd6/logs/workerpool0-0,,2023-10-22T17:22:36.187374552Z,7361657851825094656,qwiklabs-gcp-03-0f91e49b4fd6,workerpool0-0,ml_job,ERROR,,2023-10-22T17:22:32.795050603Z
11qzfhlf9whwge,ERROR,Traceback (most recent call last):,5938196076922728443,gke-cml-1022-164151--e2-standard-4-43-6e745f34-0n8p,us-central1-b,,root,,,,,projects/qwiklabs-gcp-03-0f91e49b4fd6/logs/workerpool0-0,,2023-10-22T17:22:36.187374552Z,7361657851825094656,qwiklabs-gcp-03-0f91e49b4fd6,workerpool0-0,ml_job,ERROR,,2023-10-22T17:22:32.795045204Z
11qzfhlf9whwgd,ERROR,,5938196076922728443,gke-cml-1022-164151--e2-standard-4-43-6e745f34-0n8p,us-central1-b,,root,,,,,projects/qwiklabs-gcp-03-0f91e49b4fd6/logs/workerpool0-0,,2023-10-22T17:22:36.187374552Z,7361657851825094656,qwiklabs-gcp-03-0f91e49b4fd6,workerpool0-0,ml_job,ERROR,,2023-10-22T17:22:32.795039861Z
11qzfhlf9whwgc,ERROR,The above exception was the direct cause of the following exception:,5938196076922728443,gke-cml-1022-164151--e2-standard-4-43-6e745f34-0n8p,us-central1-b,,root,,,,,projects/qwiklabs-gcp-03-0f91e49b4fd6/logs/workerpool0-0,,2023-10-22T17:22:36.187374552Z,7361657851825094656,qwiklabs-gcp-03-0f91e49b4fd6,workerpool0-0,ml_job,ERROR,,2023-10-22T17:22:32.795035129Z
11qzfhlf9whwgb,ERROR,,5938196076922728443,gke-cml-1022-164151--e2-standard-4-43-6e745f34-0n8p,us-central1-b,,root,,,,,projects/qwiklabs-gcp-03-0f91e49b4fd6/logs/workerpool0-0,,2023-10-22T17:22:36.187374552Z,7361657851825094656,qwiklabs-gcp-03-0f91e49b4fd6,workerpool0-0,ml_job,ERROR,,2023-10-22T17:22:32.795030006Z
11qzfhlf9whwga,ERROR,>,5938196076922728443,gke-cml-1022-164151--e2-standard-4-43-6e745f34-0n8p,us-central1-b,,root,,,,,projects/qwiklabs-gcp-03-0f91e49b4fd6/logs/workerpool0-0,,2023-10-22T17:22:36.187374552Z,7361657851825094656,qwiklabs-gcp-03-0f91e49b4fd6,workerpool0-0,ml_job,ERROR,,2023-10-22T17:22:32.795024467Z
11qzfhlf9whwg9,ERROR,"	debug_error_string = ""{""created"":""@1697995352.793333152"",""description"":""Error received from peer ipv4:108.177.120.95:443"",""file"":""src/core/lib/surface/call.cc"",""file_line"":1066,""grpc_message"":""The service is currently unavailable."",""grpc_status"":14}""",5938196076922728443,gke-cml-1022-164151--e2-standard-4-43-6e745f34-0n8p,us-central1-b,,root,,,,,projects/qwiklabs-gcp-03-0f91e49b4fd6/logs/workerpool0-0,,2023-10-22T17:22:36.187374552Z,7361657851825094656,qwiklabs-gcp-03-0f91e49b4fd6,workerpool0-0,ml_job,ERROR,,2023-10-22T17:22:32.795016304Z
11qzfhlf9whwg8,ERROR,"	details = ""The service is currently unavailable.""",5938196076922728443,gke-cml-1022-164151--e2-standard-4-43-6e745f34-0n8p,us-central1-b,,root,,,,,projects/qwiklabs-gcp-03-0f91e49b4fd6/logs/workerpool0-0,,2023-10-22T17:22:36.187374552Z,7361657851825094656,qwiklabs-gcp-03-0f91e49b4fd6,workerpool0-0,ml_job,ERROR,,2023-10-22T17:22:32.795009001Z
11qzfhlf9whwg7,ERROR,"	status = StatusCode.UNAVAILABLE",5938196076922728443,gke-cml-1022-164151--e2-standard-4-43-6e745f34-0n8p,us-central1-b,,root,,,,,projects/qwiklabs-gcp-03-0f91e49b4fd6/logs/workerpool0-0,,2023-10-22T17:22:36.187374552Z,7361657851825094656,qwiklabs-gcp-03-0f91e49b4fd6,workerpool0-0,ml_job,ERROR,,2023-10-22T17:22:32.795001429Z
11qzfhlf9whwg6,ERROR,grpc._channel._InactiveRpcError: <_InactiveRpcError of RPC that terminated with:,5938196076922728443,gke-cml-1022-164151--e2-standard-4-43-6e745f34-0n8p,us-central1-b,,root,,,,,projects/qwiklabs-gcp-03-0f91e49b4fd6/logs/workerpool0-0,,2023-10-22T17:22:36.187374552Z,7361657851825094656,qwiklabs-gcp-03-0f91e49b4fd6,workerpool0-0,ml_job,ERROR,,2023-10-22T17:22:32.794991323Z
11qzfhlf9whwg5,ERROR,"    raise _InactiveRpcError(state)",5938196076922728443,gke-cml-1022-164151--e2-standard-4-43-6e745f34-0n8p,us-central1-b,,root,,,,,projects/qwiklabs-gcp-03-0f91e49b4fd6/logs/workerpool0-0,,2023-10-22T17:22:36.187374552Z,7361657851825094656,qwiklabs-gcp-03-0f91e49b4fd6,workerpool0-0,ml_job,ERROR,,2023-10-22T17:22:32.794924026Z
11qzfhlf9whwg4,ERROR,"  File ""/opt/python3.7/lib/python3.7/site-packages/grpc/_channel.py"", line 849, in _end_unary_response_blocking",5938196076922728443,gke-cml-1022-164151--e2-standard-4-43-6e745f34-0n8p,us-central1-b,,root,,,,,projects/qwiklabs-gcp-03-0f91e49b4fd6/logs/workerpool0-0,,2023-10-22T17:22:36.187374552Z,7361657851825094656,qwiklabs-gcp-03-0f91e49b4fd6,workerpool0-0,ml_job,ERROR,,2023-10-22T17:22:32.794695945Z
11qzfhlf9whwg3,ERROR,"    return _end_unary_response_blocking(state, call, False, None)",5938196076922728443,gke-cml-1022-164151--e2-standard-4-43-6e745f34-0n8p,us-central1-b,,root,,,,,projects/qwiklabs-gcp-03-0f91e49b4fd6/logs/workerpool0-0,,2023-10-22T17:22:36.187374552Z,7361657851825094656,qwiklabs-gcp-03-0f91e49b4fd6,workerpool0-0,ml_job,ERROR,,2023-10-22T17:22:32.794681919Z
11qzfhlf9whwg2,ERROR,"  File ""/opt/python3.7/lib/python3.7/site-packages/grpc/_channel.py"", line 946, in __call__",5938196076922728443,gke-cml-1022-164151--e2-standard-4-43-6e745f34-0n8p,us-central1-b,,root,,,,,projects/qwiklabs-gcp-03-0f91e49b4fd6/logs/workerpool0-0,,2023-10-22T17:22:36.187374552Z,7361657851825094656,qwiklabs-gcp-03-0f91e49b4fd6,workerpool0-0,ml_job,ERROR,,2023-10-22T17:22:32.794372464Z
11qzfhlf9whwg1,ERROR,"    return callable_(*args, **kwargs)",5938196076922728443,gke-cml-1022-164151--e2-standard-4-43-6e745f34-0n8p,us-central1-b,,root,,,,,projects/qwiklabs-gcp-03-0f91e49b4fd6/logs/workerpool0-0,,2023-10-22T17:22:36.187374552Z,7361657851825094656,qwiklabs-gcp-03-0f91e49b4fd6,workerpool0-0,ml_job,ERROR,,2023-10-22T17:22:32.794355387Z
11qzfhlf9whwg0,ERROR,"  File ""/opt/python3.7/lib/python3.7/site-packages/google/api_core/grpc_helpers.py"", line 67, in error_remapped_callable",5938196076922728443,gke-cml-1022-164151--e2-standard-4-43-6e745f34-0n8p,us-central1-b,,root,,,,,projects/qwiklabs-gcp-03-0f91e49b4fd6/logs/workerpool0-0,,2023-10-22T17:22:36.187374552Z,7361657851825094656,qwiklabs-gcp-03-0f91e49b4fd6,workerpool0-0,ml_job,ERROR,,2023-10-22T17:22:32.794247170Z
11qzfhlf9whwfz,ERROR,Traceback (most recent call last):,5938196076922728443,gke-cml-1022-164151--e2-standard-4-43-6e745f34-0n8p,us-central1-b,,root,,,,,projects/qwiklabs-gcp-03-0f91e49b4fd6/logs/workerpool0-0,,2023-10-22T17:22:36.187374552Z,7361657851825094656,qwiklabs-gcp-03-0f91e49b4fd6,workerpool0-0,ml_job,ERROR,,2023-10-22T17:22:32.794186528Z
15wbaxjfayvuzp,INFO,PipelineState.PIPELINE_STATE_RUNNING,5938196076922728443,gke-cml-1022-164151--e2-standard-4-43-6e745f34-0n8p,us-central1-b,,root,,,,,projects/qwiklabs-gcp-03-0f91e49b4fd6/logs/workerpool0-0,,2023-10-22T17:20:58.886833552Z,7361657851825094656,qwiklabs-gcp-03-0f91e49b4fd6,workerpool0-0,ml_job,INFO,,2023-10-22T17:20:55.906168996Z
15wbaxjfayvuzo,INFO,INFO:google.cloud.aiplatform.training_jobs:AutoMLTabularTrainingJob projects/780638309579/locations/us-central1/trainingPipelines/623146909371990016 current state:,5938196076922728443,gke-cml-1022-164151--e2-standard-4-43-6e745f34-0n8p,us-central1-b,,root,,,,,projects/qwiklabs-gcp-03-0f91e49b4fd6/logs/workerpool0-0,,2023-10-22T17:20:58.886833552Z,7361657851825094656,qwiklabs-gcp-03-0f91e49b4fd6,workerpool0-0,ml_job,INFO,,2023-10-22T17:20:55.906107148Z
z8psotfa1vn2d,INFO,PipelineState.PIPELINE_STATE_RUNNING,5938196076922728443,gke-cml-1022-164151--e2-standard-4-43-6e745f34-0n8p,us-central1-b,,root,,,,,projects/qwiklabs-gcp-03-0f91e49b4fd6/logs/workerpool0-0,,2023-10-22T17:15:55.674780423Z,7361657851825094656,qwiklabs-gcp-03-0f91e49b4fd6,workerpool0-0,ml_job,INFO,,2023-10-22T17:15:51.993398780Z
z8psotfa1vn2c,INFO,INFO:google.cloud.aiplatform.training_jobs:AutoMLTabularTrainingJob projects/780638309579/locations/us-central1/trainingPipelines/623146909371990016 current state:,5938196076922728443,gke-cml-1022-164151--e2-standard-4-43-6e745f34-0n8p,us-central1-b,,root,,,,,projects/qwiklabs-gcp-03-0f91e49b4fd6/logs/workerpool0-0,,2023-10-22T17:15:55.674780423Z,7361657851825094656,qwiklabs-gcp-03-0f91e49b4fd6,workerpool0-0,ml_job,INFO,,2023-10-22T17:15:51.993336720Z
vn36icfdb9s11,INFO,PipelineState.PIPELINE_STATE_RUNNING,5938196076922728443,gke-cml-1022-164151--e2-standard-4-43-6e745f34-0n8p,us-central1-b,,root,,,,,projects/qwiklabs-gcp-03-0f91e49b4fd6/logs/workerpool0-0,,2023-10-22T17:10:51.493238571Z,7361657851825094656,qwiklabs-gcp-03-0f91e49b4fd6,workerpool0-0,ml_job,INFO,,2023-10-22T17:10:48.033617659Z
vn36icfdb9s10,INFO,INFO:google.cloud.aiplatform.training_jobs:AutoMLTabularTrainingJob projects/780638309579/locations/us-central1/trainingPipelines/623146909371990016 current state:,5938196076922728443,gke-cml-1022-164151--e2-standard-4-43-6e745f34-0n8p,us-central1-b,,root,,,,,projects/qwiklabs-gcp-03-0f91e49b4fd6/logs/workerpool0-0,,2023-10-22T17:10:51.493238571Z,7361657851825094656,qwiklabs-gcp-03-0f91e49b4fd6,workerpool0-0,ml_job,INFO,,2023-10-22T17:10:48.033498286Z
q314mefiv4ro8,INFO,PipelineState.PIPELINE_STATE_RUNNING,5938196076922728443,gke-cml-1022-164151--e2-standard-4-43-6e745f34-0n8p,us-central1-b,,root,,,,,projects/qwiklabs-gcp-03-0f91e49b4fd6/logs/workerpool0-0,,2023-10-22T17:05:47.293818440Z,7361657851825094656,qwiklabs-gcp-03-0f91e49b4fd6,workerpool0-0,ml_job,INFO,,2023-10-22T17:05:44.184305681Z
q314mefiv4ro7,INFO,INFO:google.cloud.aiplatform.training_jobs:AutoMLTabularTrainingJob projects/780638309579/locations/us-central1/trainingPipelines/623146909371990016 current state:,5938196076922728443,gke-cml-1022-164151--e2-standard-4-43-6e745f34-0n8p,us-central1-b,,root,,,,,projects/qwiklabs-gcp-03-0f91e49b4fd6/logs/workerpool0-0,,2023-10-22T17:05:47.293818440Z,7361657851825094656,qwiklabs-gcp-03-0f91e49b4fd6,workerpool0-0,ml_job,INFO,,2023-10-22T17:05:44.184257627Z
1erya5qfdx8bjy,INFO,PipelineState.PIPELINE_STATE_PENDING,5938196076922728443,gke-cml-1022-164151--e2-standard-4-43-6e745f34-0n8p,us-central1-b,,root,,,,,projects/qwiklabs-gcp-03-0f91e49b4fd6/logs/workerpool0-0,,2023-10-22T17:03:05.107955795Z,7361657851825094656,qwiklabs-gcp-03-0f91e49b4fd6,workerpool0-0,ml_job,INFO,,2023-10-22T17:03:02.053606173Z
1erya5qfdx8bjx,INFO,INFO:google.cloud.aiplatform.training_jobs:AutoMLTabularTrainingJob projects/780638309579/locations/us-central1/trainingPipelines/623146909371990016 current state:,5938196076922728443,gke-cml-1022-164151--e2-standard-4-43-6e745f34-0n8p,us-central1-b,,root,,,,,projects/qwiklabs-gcp-03-0f91e49b4fd6/logs/workerpool0-0,,2023-10-22T17:03:05.107955795Z,7361657851825094656,qwiklabs-gcp-03-0f91e49b4fd6,workerpool0-0,ml_job,INFO,,2023-10-22T17:03:02.053549710Z
13yzt26f87cchu,INFO,PipelineState.PIPELINE_STATE_PENDING,5938196076922728443,gke-cml-1022-164151--e2-standard-4-43-6e745f34-0n8p,us-central1-b,,root,,,,,projects/qwiklabs-gcp-03-0f91e49b4fd6/logs/workerpool0-0,,2023-10-22T17:01:43.960832016Z,7361657851825094656,qwiklabs-gcp-03-0f91e49b4fd6,workerpool0-0,ml_job,INFO,,2023-10-22T17:01:40.946354041Z
13yzt26f87ccht,INFO,INFO:google.cloud.aiplatform.training_jobs:AutoMLTabularTrainingJob projects/780638309579/locations/us-central1/trainingPipelines/623146909371990016 current state:,5938196076922728443,gke-cml-1022-164151--e2-standard-4-43-6e745f34-0n8p,us-central1-b,,root,,,,,projects/qwiklabs-gcp-03-0f91e49b4fd6/logs/workerpool0-0,,2023-10-22T17:01:43.960832016Z,7361657851825094656,qwiklabs-gcp-03-0f91e49b4fd6,workerpool0-0,ml_job,INFO,,2023-10-22T17:01:40.946297844Z
xkom9afdfy4aq,INFO,PipelineState.PIPELINE_STATE_PENDING,5938196076922728443,gke-cml-1022-164151--e2-standard-4-43-6e745f34-0n8p,us-central1-b,,root,,,,,projects/qwiklabs-gcp-03-0f91e49b4fd6/logs/workerpool0-0,,2023-10-22T17:01:03.799418783Z,7361657851825094656,qwiklabs-gcp-03-0f91e49b4fd6,workerpool0-0,ml_job,INFO,,2023-10-22T17:01:00.401910748Z
xkom9afdfy4ap,INFO,INFO:google.cloud.aiplatform.training_jobs:AutoMLTabularTrainingJob projects/780638309579/locations/us-central1/trainingPipelines/623146909371990016 current state:,5938196076922728443,gke-cml-1022-164151--e2-standard-4-43-6e745f34-0n8p,us-central1-b,,root,,,,,projects/qwiklabs-gcp-03-0f91e49b4fd6/logs/workerpool0-0,,2023-10-22T17:01:03.799418783Z,7361657851825094656,qwiklabs-gcp-03-0f91e49b4fd6,workerpool0-0,ml_job,INFO,,2023-10-22T17:01:00.401878314Z
1w9gbb4fbn98jm,INFO,PipelineState.PIPELINE_STATE_PENDING,5938196076922728443,gke-cml-1022-164151--e2-standard-4-43-6e745f34-0n8p,us-central1-b,,root,,,,,projects/qwiklabs-gcp-03-0f91e49b4fd6/logs/workerpool0-0,,2023-10-22T17:00:58.689401955Z,7361657851825094656,qwiklabs-gcp-03-0f91e49b4fd6,workerpool0-0,ml_job,INFO,,2023-10-22T17:00:40.032238807Z
1w9gbb4fbn98jl,INFO,INFO:google.cloud.aiplatform.training_jobs:AutoMLTabularTrainingJob projects/780638309579/locations/us-central1/trainingPipelines/623146909371990016 current state:,5938196076922728443,gke-cml-1022-164151--e2-standard-4-43-6e745f34-0n8p,us-central1-b,,root,,,,,projects/qwiklabs-gcp-03-0f91e49b4fd6/logs/workerpool0-0,,2023-10-22T17:00:58.689401955Z,7361657851825094656,qwiklabs-gcp-03-0f91e49b4fd6,workerpool0-0,ml_job,INFO,,2023-10-22T17:00:40.032188427Z
1w9gbb4fbn98jk,INFO,PipelineState.PIPELINE_STATE_PENDING,5938196076922728443,gke-cml-1022-164151--e2-standard-4-43-6e745f34-0n8p,us-central1-b,,root,,,,,projects/qwiklabs-gcp-03-0f91e49b4fd6/logs/workerpool0-0,,2023-10-22T17:00:58.689401955Z,7361657851825094656,qwiklabs-gcp-03-0f91e49b4fd6,workerpool0-0,ml_job,INFO,,2023-10-22T17:00:29.903972735Z
1w9gbb4fbn98jj,INFO,INFO:google.cloud.aiplatform.training_jobs:AutoMLTabularTrainingJob projects/780638309579/locations/us-central1/trainingPipelines/623146909371990016 current state:,5938196076922728443,gke-cml-1022-164151--e2-standard-4-43-6e745f34-0n8p,us-central1-b,,root,,,,,projects/qwiklabs-gcp-03-0f91e49b4fd6/logs/workerpool0-0,,2023-10-22T17:00:58.689401955Z,7361657851825094656,qwiklabs-gcp-03-0f91e49b4fd6,workerpool0-0,ml_job,INFO,,2023-10-22T17:00:29.903927366Z
1w9gbb4fbn98ji,INFO,https://console.cloud.google.com/ai/platform/locations/us-central1/training/623146909371990016?project=780638309579,5938196076922728443,gke-cml-1022-164151--e2-standard-4-43-6e745f34-0n8p,us-central1-b,,root,,,,,projects/qwiklabs-gcp-03-0f91e49b4fd6/logs/workerpool0-0,,2023-10-22T17:00:58.689401955Z,7361657851825094656,qwiklabs-gcp-03-0f91e49b4fd6,workerpool0-0,ml_job,INFO,,2023-10-22T17:00:24.767014987Z
1w9gbb4fbn98jh,INFO,INFO:google.cloud.aiplatform.training_jobs:View Training:,5938196076922728443,gke-cml-1022-164151--e2-standard-4-43-6e745f34-0n8p,us-central1-b,,root,,,,,projects/qwiklabs-gcp-03-0f91e49b4fd6/logs/workerpool0-0,,2023-10-22T17:00:58.689401955Z,7361657851825094656,qwiklabs-gcp-03-0f91e49b4fd6,workerpool0-0,ml_job,INFO,,2023-10-22T17:00:24.766957547Z
1w9gbb4fbn98jg,INFO,resource name: projects/780638309579/locations/us-central1/datasets/8334695062239707136},5938196076922728443,gke-cml-1022-164151--e2-standard-4-43-6e745f34-0n8p,us-central1-b,,root,,,,,projects/qwiklabs-gcp-03-0f91e49b4fd6/logs/workerpool0-0,,2023-10-22T17:00:58.689401955Z,7361657851825094656,qwiklabs-gcp-03-0f91e49b4fd6,workerpool0-0,ml_job,INFO,,2023-10-22T17:00:24.283192235Z
1w9gbb4fbn98jf,INFO,"method:<bound method AutoMLTabularTrainingJob.run of <google.cloud.aiplatform.training_jobs.AutoMLTabularTrainingJob object at 0x7822c13b82d0>> is being called with parameters {'budget_milli_node_hours': 1000, 'target_column': 'Class', 'dataset': <google.cloud.aiplatform.datasets.tabular_dataset.TabularDataset object at 0x7822c13b8a10> ",5938196076922728443,gke-cml-1022-164151--e2-standard-4-43-6e745f34-0n8p,us-central1-b,,root,,,,,projects/qwiklabs-gcp-03-0f91e49b4fd6/logs/workerpool0-0,,2023-10-22T17:00:58.689401955Z,7361657851825094656,qwiklabs-gcp-03-0f91e49b4fd6,workerpool0-0,ml_job,INFO,,2023-10-22T17:00:24.283139026Z
1w9gbb4fbn98je,INFO,aiplatform://v1/projects/780638309579/locations/us-central1/datasets/8334695062239707136,5938196076922728443,gke-cml-1022-164151--e2-standard-4-43-6e745f34-0n8p,us-central1-b,,root,,,,,projects/qwiklabs-gcp-03-0f91e49b4fd6/logs/workerpool0-0,,2023-10-22T17:00:58.689401955Z,7361657851825094656,qwiklabs-gcp-03-0f91e49b4fd6,workerpool0-0,ml_job,INFO,,2023-10-22T17:00:24.150204645Z
1w9gbb4fbn98jd,INFO,--method.dataset,5938196076922728443,gke-cml-1022-164151--e2-standard-4-43-6e745f34-0n8p,us-central1-b,,root,,,,,projects/qwiklabs-gcp-03-0f91e49b4fd6/logs/workerpool0-0,,2023-10-22T17:00:58.689401955Z,7361657851825094656,qwiklabs-gcp-03-0f91e49b4fd6,workerpool0-0,ml_job,INFO,,2023-10-22T17:00:24.150197676Z
1w9gbb4fbn98jc,INFO,"[{""numeric"": {""column_name"": ""Area""}}, {""numeric"": {""column_name"": ""Perimeter""}}, {""numeric"": {""column_name"": ""MajorAxisLength""}}, {""numeric"": {""column_name"": ""MinorAxisLength""}}, {""numeric"": {""column_name"": ""AspectRation""}}, {""numeric"": {""column_name"": ""Eccentricity""}}, {""numeric"": {""column_name"": ""ConvexArea""}}, {""numeric"": {""column_name"": ""EquivDiameter""}}, {""numeric"": {""column_name"": ""Extent""}}, {""numeric"": {""column_name"": ""Solidity""}}, {""numeric"": {""column_name"": ""roundness""}}, {""numeric"": {""column_name"": ""Compactness""}}, {""numeric"": {""column_name"": ""ShapeFactor1""}}, {""numeric"": {""column_name"": ""ShapeFactor2""}}, {""numeric"": {""column_name"": ""ShapeFactor3""}}, {""numeric"": {""column_name"": ""ShapeFactor4""}}, {""categorical"": {""column_name"": ""Class""}}]",5938196076922728443,gke-cml-1022-164151--e2-standard-4-43-6e745f34-0n8p,us-central1-b,,root,,,,,projects/qwiklabs-gcp-03-0f91e49b4fd6/logs/workerpool0-0,,2023-10-22T17:00:58.689401955Z,7361657851825094656,qwiklabs-gcp-03-0f91e49b4fd6,workerpool0-0,ml_job,INFO,,2023-10-22T17:00:24.150190278Z
1w9gbb4fbn98jb,INFO,--init.column_transformations,5938196076922728443,gke-cml-1022-164151--e2-standard-4-43-6e745f34-0n8p,us-central1-b,,root,,,,,projects/qwiklabs-gcp-03-0f91e49b4fd6/logs/workerpool0-0,,2023-10-22T17:00:58.689401955Z,7361657851825094656,qwiklabs-gcp-03-0f91e49b4fd6,workerpool0-0,ml_job,INFO,,2023-10-22T17:00:24.150183424Z
1w9gbb4fbn98ja,INFO,automl-beans1697993812,5938196076922728443,gke-cml-1022-164151--e2-standard-4-43-6e745f34-0n8p,us-central1-b,,root,,,,,projects/qwiklabs-gcp-03-0f91e49b4fd6/logs/workerpool0-0,,2023-10-22T17:00:58.689401955Z,7361657851825094656,qwiklabs-gcp-03-0f91e49b4fd6,workerpool0-0,ml_job,INFO,,2023-10-22T17:00:24.150176972Z
1w9gbb4fbn98j9,INFO,--init.display_name,5938196076922728443,gke-cml-1022-164151--e2-standard-4-43-6e745f34-0n8p,us-central1-b,,root,,,,,projects/qwiklabs-gcp-03-0f91e49b4fd6/logs/workerpool0-0,,2023-10-22T17:00:58.689401955Z,7361657851825094656,qwiklabs-gcp-03-0f91e49b4fd6,workerpool0-0,ml_job,INFO,,2023-10-22T17:00:24.150170881Z
1w9gbb4fbn98j8,INFO,qwiklabs-gcp-03-0f91e49b4fd6,5938196076922728443,gke-cml-1022-164151--e2-standard-4-43-6e745f34-0n8p,us-central1-b,,root,,,,,projects/qwiklabs-gcp-03-0f91e49b4fd6/logs/workerpool0-0,,2023-10-22T17:00:58.689401955Z,7361657851825094656,qwiklabs-gcp-03-0f91e49b4fd6,workerpool0-0,ml_job,INFO,,2023-10-22T17:00:24.150165035Z
1w9gbb4fbn98j7,INFO,--init.project,5938196076922728443,gke-cml-1022-164151--e2-standard-4-43-6e745f34-0n8p,us-central1-b,,root,,,,,projects/qwiklabs-gcp-03-0f91e49b4fd6/logs/workerpool0-0,,2023-10-22T17:00:58.689401955Z,7361657851825094656,qwiklabs-gcp-03-0f91e49b4fd6,workerpool0-0,ml_job,INFO,,2023-10-22T17:00:24.150152851Z
1w9gbb4fbn98j6,INFO,gs://qwiklabs-gcp-03-0f91e49b4fd6-bucket/pipeline_root/780638309579/automl-tab-beans-training-v2-20231022165653/automltabulartrainingjob-run_4950971529820110848/model,5938196076922728443,gke-cml-1022-164151--e2-standard-4-43-6e745f34-0n8p,us-central1-b,,root,,,,,projects/qwiklabs-gcp-03-0f91e49b4fd6/logs/workerpool0-0,,2023-10-22T17:00:58.689401955Z,7361657851825094656,qwiklabs-gcp-03-0f91e49b4fd6,workerpool0-0,ml_job,INFO,,2023-10-22T17:00:24.150145945Z
1w9gbb4fbn98j5,INFO,--resource_name_output_artifact_uri,5938196076922728443,gke-cml-1022-164151--e2-standard-4-43-6e745f34-0n8p,us-central1-b,,root,,,,,projects/qwiklabs-gcp-03-0f91e49b4fd6/logs/workerpool0-0,,2023-10-22T17:00:58.689401955Z,7361657851825094656,qwiklabs-gcp-03-0f91e49b4fd6,workerpool0-0,ml_job,INFO,,2023-10-22T17:00:24.150138659Z
1w9gbb4fbn98j4,INFO,Class,5938196076922728443,gke-cml-1022-164151--e2-standard-4-43-6e745f34-0n8p,us-central1-b,,root,,,,,projects/qwiklabs-gcp-03-0f91e49b4fd6/logs/workerpool0-0,,2023-10-22T17:00:58.689401955Z,7361657851825094656,qwiklabs-gcp-03-0f91e49b4fd6,workerpool0-0,ml_job,INFO,,2023-10-22T17:00:24.150132412Z
1w9gbb4fbn98j3,INFO,--method.target_column,5938196076922728443,gke-cml-1022-164151--e2-standard-4-43-6e745f34-0n8p,us-central1-b,,root,,,,,projects/qwiklabs-gcp-03-0f91e49b4fd6/logs/workerpool0-0,,2023-10-22T17:00:58.689401955Z,7361657851825094656,qwiklabs-gcp-03-0f91e49b4fd6,workerpool0-0,ml_job,INFO,,2023-10-22T17:00:24.150126201Z
1w9gbb4fbn98j2,INFO,1000,5938196076922728443,gke-cml-1022-164151--e2-standard-4-43-6e745f34-0n8p,us-central1-b,,root,,,,,projects/qwiklabs-gcp-03-0f91e49b4fd6/logs/workerpool0-0,,2023-10-22T17:00:58.689401955Z,7361657851825094656,qwiklabs-gcp-03-0f91e49b4fd6,workerpool0-0,ml_job,INFO,,2023-10-22T17:00:24.150119297Z
1w9gbb4fbn98j1,INFO,--method.budget_milli_node_hours,5938196076922728443,gke-cml-1022-164151--e2-standard-4-43-6e745f34-0n8p,us-central1-b,,root,,,,,projects/qwiklabs-gcp-03-0f91e49b4fd6/logs/workerpool0-0,,2023-10-22T17:00:58.689401955Z,7361657851825094656,qwiklabs-gcp-03-0f91e49b4fd6,workerpool0-0,ml_job,INFO,,2023-10-22T17:00:24.150112746Z
1w9gbb4fbn98j0,INFO,classification,5938196076922728443,gke-cml-1022-164151--e2-standard-4-43-6e745f34-0n8p,us-central1-b,,root,,,,,projects/qwiklabs-gcp-03-0f91e49b4fd6/logs/workerpool0-0,,2023-10-22T17:00:58.689401955Z,7361657851825094656,qwiklabs-gcp-03-0f91e49b4fd6,workerpool0-0,ml_job,INFO,,2023-10-22T17:00:24.150103245Z
1w9gbb4fbn98iz,INFO,--init.optimization_prediction_type,5938196076922728443,gke-cml-1022-164151--e2-standard-4-43-6e745f34-0n8p,us-central1-b,,root,,,,,projects/qwiklabs-gcp-03-0f91e49b4fd6/logs/workerpool0-0,,2023-10-22T17:00:58.689401955Z,7361657851825094656,qwiklabs-gcp-03-0f91e49b4fd6,workerpool0-0,ml_job,INFO,,2023-10-22T17:00:24.150026169Z
1w9cpold2gwn,,,,,,,,RUNNING,,,,projects/qwiklabs-gcp-03-0f91e49b4fd6/logs/ml.googleapis.com%2F7361657851825094656,,2023-10-22T17:00:24.285219505Z,7361657851825094656,qwiklabs-gcp-03-0f91e49b4fd6,service,ml_job,INFO,Job is running.,2023-10-22T17:00:23.164210766Z
1w9cpold2gvj,,,,,,,,PREPARING,,,,projects/qwiklabs-gcp-03-0f91e49b4fd6/logs/ml.googleapis.com%2F7361657851825094656,,2023-10-22T17:00:13.278468658Z,7361657851825094656,qwiklabs-gcp-03-0f91e49b4fd6,service,ml_job,INFO,Job is preparing.,2023-10-22T17:00:12.438414255Z
1w9cpold2gv7,,,,,,,,,,,,projects/qwiklabs-gcp-03-0f91e49b4fd6/logs/ml.googleapis.com%2F7361657851825094656,,2023-10-22T17:00:11.299255356Z,7361657851825094656,qwiklabs-gcp-03-0f91e49b4fd6,service,ml_job,INFO,Waiting for training program to start.,2023-10-22T17:00:10.311057957Z
1w9cpold2gv6,,,,,,,,QUEUED,,,,projects/qwiklabs-gcp-03-0f91e49b4fd6/logs/ml.googleapis.com%2F7361657851825094656,,2023-10-22T17:00:11.299255356Z,7361657851825094656,qwiklabs-gcp-03-0f91e49b4fd6,service,ml_job,INFO,Waiting for job to be provisioned.,2023-10-22T17:00:10.026513611Z